Workbook
Name CategoryList: Settings!$A$2:$A$7

Sheet Guide
A1: Monthly Expense Tracker for Boarding Students
A2: Project: HNDIT1052 ICT Project (Individual) | Name: U.H.G.A.P. Wickramanayake | Index No: ATI/IT/2026/F/12 | Date: 2026-10-24
A4: Purpose | B4: This workbook records daily expenses and compares them with monthly budgets.
A5: To add an expense | B5: Go to Expenses and type in the first empty row under the table. Choose the category from the dropdown. The Month fills in automatically.
A6: To see results | B6: Go to Summary and choose the month in the yellow cell (B2).
A7: To change budgets or categories | B7: Edit the blue cells on Settings (Settings is protected except budget cells; unprotect via Review > Unprotect Sheet to add categories). If you add a category, extend the CategoryList name and the Summary rows.
A8: Colour meaning | B8: Green = OK, Amber = Near limit (80% or more used), Red = Over budget.
A9: Do not edit | B9: The grey Month column on Expenses and the formula cells on Summary.
A10: Dates | B10: Type dates as yyyy-mm-dd (e.g. 2026-10-01). Future dates are rejected.
A11: Cell colours | B11: Blue text = input values; black = formulas; yellow = month selector.

Sheet Settings
A1: Category | B1: Monthly Budget
A2: Food | B2: 15000
A3: Transport | B3: 5000
A4: Study materials | B4: 3000
A5: Phone and data | B5: 2000
A6: Entertainment | B6: 2000
A7: Other | B7: 3000

Sheet Expenses
A1: Date | B1: Category | C1: Description | D1: Amount | E1: Month
A2: 46293 | B2: Food | C2: Groceries | D2: 1500 | E2: =TEXT(tblExp[[#This Row],[Date]],"yyyy-mm") -> 2026-09
A3: 46296 | B3: Food | C3: Breakfast and lunch | D3: 650 | E3: =TEXT(tblExp[[#This Row],[Date]],"yyyy-mm") -> 2026-10
A4: 46296 | B4: Transport | C4: Bus to town | D4: 120 | E4: =TEXT(tblExp[[#This Row],[Date]],"yyyy-mm") -> 2026-10
A5: 46297 | B5: Food | C5: Canteen meals | D5: 700 | E5: =TEXT(tblExp[[#This Row],[Date]],"yyyy-mm") -> 2026-10
A6: 46297 | B6: Study materials | C6: Notebooks | D6: 450 | E6: =TEXT(tblExp[[#This Row],[Date]],"yyyy-mm") -> 2026-10
A7: 46298 | B7: Food | C7: Groceries | D7: 1850 | E7: =TEXT(tblExp[[#This Row],[Date]],"yyyy-mm") -> 2026-10
A8: 46298 | B8: Phone and data | C8: Data package | D8: 1000 | E8: =TEXT(tblExp[[#This Row],[Date]],"yyyy-mm") -> 2026-10
A9: 46299 | B9: Entertainment | C9: Cinema | D9: 800 | E9: =TEXT(tblExp[[#This Row],[Date]],"yyyy-mm") -> 2026-10
A10: 46300 | B10: Food | C10: Dinner with friends | D10: 1200 | E10: =TEXT(tblExp[[#This Row],[Date]],"yyyy-mm") -> 2026-10
A11: 46300 | B11: Transport | C11: Three-wheeler | D11: 600 | E11: =TEXT(tblExp[[#This Row],[Date]],"yyyy-mm") -> 2026-10
A12: 46301 | B12: Food | C12: Canteen meals | D12: 700 | E12: =TEXT(tblExp[[#This Row],[Date]],"yyyy-mm") -> 2026-10
A13: 46302 | B13: Study materials | C13: Printing assignment | D13: 350 | E13: =TEXT(tblExp[[#This Row],[Date]],"yyyy-mm") -> 2026-10
... A32: 46312 | B32: Food | C32: Canteen meals | D32: 700 | E32: =TEXT(tblExp[[#This Row],[Date]],"yyyy-mm") -> 2026-10

Sheet Summary
A1: Monthly Expense Summary
A2: Select month: | B2: 2026-10
A5: Category | B5: Budget | C5: Spent | D5: Remaining | E5: Status | F5: % Used
A6: =Settings!A2 -> Food | B6: =_xlfn.XLOOKUP(A6,Settings!$A$2:$A$7,Settings!$B$2:$B$7) -> 15000 | C6: =SUMIFS(tblExp[Amount], tblExp[Category], $A6, tblExp[Month], $B$2) -> 12280 | D6: =B6-C6 -> 2720 | E6: =IF(C6>B6, "Over budget", IF(C6>=0.8*B6, "Near limit", "OK")) -> Near limit | F6: =IF(B6=0,0,C6/B6) -> 0.81866667
A7: =Settings!A3 -> Transport | B7: =_xlfn.XLOOKUP(A7,Settings!$A$2:$A$7,Settings!$B$2:$B$7) -> 5000 | C7: =SUMIFS(tblExp[Amount], tblExp[Category], $A7, tblExp[Month], $B$2) -> 1560 | D7: =B7-C7 -> 3440 | E7: =IF(C7>B7, "Over budget", IF(C7>=0.8*B7, "Near limit", "OK")) -> OK | F7: =IF(B7=0,0,C7/B7) -> 0.312
A8: =Settings!A4 -> Study materials | B8: =_xlfn.XLOOKUP(A8,Settings!$A$2:$A$7,Settings!$B$2:$B$7) -> 3000 | C8: =SUMIFS(tblExp[Amount], tblExp[Category], $A8, tblExp[Month], $B$2) -> 1480 | D8: =B8-C8 -> 1520 | E8: =IF(C8>B8, "Over budget", IF(C8>=0.8*B8, "Near limit", "OK")) -> OK | F8: =IF(B8=0,0,C8/B8) -> 0.49333333
A9: =Settings!A5 -> Phone and data | B9: =_xlfn.XLOOKUP(A9,Settings!$A$2:$A$7,Settings!$B$2:$B$7) -> 2000 | C9: =SUMIFS(tblExp[Amount], tblExp[Category], $A9, tblExp[Month], $B$2) -> 1500 | D9: =B9-C9 -> 500 | E9: =IF(C9>B9, "Over budget", IF(C9>=0.8*B9, "Near limit", "OK")) -> OK | F9: =IF(B9=0,0,C9/B9) -> 0.75
A10: =Settings!A6 -> Entertainment | B10: =_xlfn.XLOOKUP(A10,Settings!$A$2:$A$7,Settings!$B$2:$B$7) -> 2000 | C10: =SUMIFS(tblExp[Amount], tblExp[Category], $A10, tblExp[Month], $B$2) -> 1750 | D10: =B10-C10 -> 250 | E10: =IF(C10>B10, "Over budget", IF(C10>=0.8*B10, "Near limit", "OK")) -> Near limit | F10: =IF(B10=0,0,C10/B10) -> 0.875
A11: =Settings!A7 -> Other | B11: =_xlfn.XLOOKUP(A11,Settings!$A$2:$A$7,Settings!$B$2:$B$7) -> 3000 | C11: =SUMIFS(tblExp[Amount], tblExp[Category], $A11, tblExp[Month], $B$2) -> 1100 | D11: =B11-C11 -> 1900 | E11: =IF(C11>B11, "Over budget", IF(C11>=0.8*B11, "Near limit", "OK")) -> OK | F11: =IF(B11=0,0,C11/B11) -> 0.36666667
A12: Total | B12: =SUM(B6:B11) -> 30000 | C12: =SUM(C6:C11) -> 19670 | D12: =SUM(D6:D11) -> 10330 | E12: =IF(C12>B12, "Over budget", IF(C12>=0.8*B12, "Near limit", "OK")) -> OK | F12: =IF(B12=0,0,C12/B12) -> 0.65566667
